GeoUID,Type,Region Name,Area (sq km),Population ,Dwellings ,Households ,"v_CA21_1: Population, 2021",v_CA21_906: Median total income of household in 2020 ($),v_CA21_4237: Total - Private households by tenure,v_CA21_4917: Total - Ethnic or cultural origin for the population in private households,v_CA21_434: Occupied private dwellings by structural type of dwelling data
9150001.00,CT,0001.00,18.9433,11365,3967,3800,11365,145000,3800,11365,3800
9150002.00,CT,0002.00,5.6251,7161,2936,2822,7161,110000,2840,7220,2820
9150003.01,CT,0003.01,26.5199,4896,1752,1677,4896,120000,1670,4790,1675
9150003.02,CT,0003.02,17.1923,3612,1584,1519,3612,108000,1525,3620,1520
9150004.00,CT,0004.00,19.9001,7002,2636,2493,7002,110000,2490,6945,2495
9150005.00,CT,0005.00,1.9499,4201,1651,1589,4201,84000,1575,4220,1590
9150006.00,CT,0006.00,2.3284,5848,2284,2207,5848,88000,2215,5815,2205
9150007.00,CT,0007.00,2.1256,8491,4177,3989,8491,60400,3990,8315,3990
9150008.00,CT,0008.00,10.1971,7983,4361,4125,7983,62000,4125,7535,4125
9150009.01,CT,0009.01,0.8641,3546,2047,1976,3546,57600,2040,3540,1975
9150009.02,CT,0009.02,1.4927,5055,2488,2379,5055,69000,2320,4790,2380
9150009.03,CT,0009.03,1.048,3102,1543,1485,3102,59600,1485,2715,1485
9150010.01,CT,0010.01,1.0784,3396,1689,1577,3396,66000,1565,3215,1575
9150010.02,CT,0010.02,2.0265,4387,2585,2256,4387,73000,2240,4285,2255
9150010.03,CT,0010.03,1.3008,3236,1769,1630,3236,75500,1660,3265,1630
9150011.00,CT,0011.00,0.9431,4643,2740,2619,4643,56800,2605,4445,2620
9150012.00,CT,0012.00,1.4553,3750,3123,2155,3750,73000,2040,3375,2155
9150013.00,CT,0013.00,1.0459,1332,703,677,1332,70000,785,1580,675
9150014.00,CT,0014.00,0.9067,4185,2264,2110,4185,69000,2125,3995,2110
9150015.00,CT,0015.00,3.0419,6095,2655,2543,6095,90000,2540,6100,2545
9150016.00,CT,0016.00,2.8991,4293,1699,1571,4293,83000,1555,3960,1570
9150017.00,CT,0017.00,2.5898,5981,2190,2102,5981,92000,2120,5980,2100
9150018.01,CT,0018.01,2.0103,1847,999,937,1847,62000,940,1845,935
9150018.02,CT,0018.02,22.7452,2215,878,836,2215,107000,840,2175,835
9150019.01,CT,0019.01,33.3482,9298,5035,4121,9298,85000,4120,9280,4120
9150019.02,CT,0019.02,1.9744,6240,3197,3065,6240,76000,3045,6235,3065
9150019.03,CT,0019.03,26.5015,7645,3055,2837,7645,135000,2800,7495,2840
9150019.04,CT,0019.04,1.6467,5212,1970,1913,5212,94000,1965,5075,1915
9150102.04,CT,0102.04,6.7576,9134,4937,4587,9134,63600,4585,8895,4585
9150103.00,CT,0103.00,16.0986,5789,2936,2689,5789,81000,2690,5770,2690
9150104.01,CT,0104.01,3.3078,1766,885,751,1766,90000,750,1765,750
9150104.03,CT,0104.03,1173.0978,2897,1852,1290,2897,85000,1290,2875,1290
9150105.02,CT,0105.02,1245.2392,4664,1912,1830,4664,100000,1830,4670,1830
9150105.04,CT,0105.04,25.9516,804,371,309,804,114000,290,780,310
9150105.05,CT,0105.05,15.1165,3140,1377,1231,3140,112000,1275,3340,1230
9150105.06,CT,0105.06,33.9768,2106,919,798,2106,96000,770,2015,800
9150105.07,CT,0105.07,47.1183,9767,4185,3866,9767,95000,3870,9495,3870
9150200.00,CT,0200.00,0.7397,568,283,242,568,119000,250,585,245
9150201.00,CT,0201.00,4.7899,3694,1386,1332,3694,110000,1345,3685,1335
9150202.00,CT,0202.00,6.6628,3627,1739,1492,3627,113000,1445,3545,1490
9150203.00,CT,0203.00,5.016,1473,756,703,1473,86000,695,1465,705
9150204.00,CT,0204.00,1.2202,3354,1749,1667,3354,58400,1630,2975,1665
9150205.00,CT,0205.00,3.9818,1495,616,579,1495,89000,585,1420,580
9150206.00,CT,0206.00,22.7426,6190,2282,2210,6190,104000,2170,6110,2210
9150207.00,CT,0207.00,6.9509,2208,800,772,2208,119000,770,2205,775
9150208.00,CT,0208.00,6.5588,6148,2397,2332,6148,107000,2370,6405,2330
9150209.00,CT,0209.00,1.0432,1188,477,469,1188,79500,495,1245,470
9150210.00,CT,0210.00,2.6528,150,24,21,150,,30,55,20
9150211.00,CT,0211.00,1.2076,198,132,125,198,,130,235,125
9150212.00,CT,0212.00,6.7541,5562,2015,1951,5562,123000,1970,5600,1950
9150213.00,CT,0213.00,7.241,223,88,78,223,,80,215,75
9150214.00,CT,0214.00,44.5273,0,2,1,0,,,,
9250001.00,CT,0001.00,21.5587,1522,578,571,1522,108000,590,1470,575
9250002.00,CT,0002.00,3.1215,2551,1029,998,2551,108000,1020,2645,995
9250003.00,CT,0003.00,14.9408,2539,928,911,2539,114000,865,2440,910
9250004.00,CT,0004.00,65.619,9287,3751,3601,9287,109000,3600,9235,3600
9250005.01,CT,0005.01,2.5858,5907,2640,2542,5907,83000,2575,5790,2540
9250005.02,CT,0005.02,1.4452,3396,1222,1205,3396,123000,1170,3385,1205
9250006.01,CT,0006.01,41.3537,7489,2817,2737,7489,120000,2755,7580,2740
9250006.02,CT,0006.02,2.1599,4743,1939,1885,4743,100000,1870,4290,1885
9250007.00,CT,0007.00,30.806,3021,1318,1204,3021,87000,1145,2565,1205
9250008.00,CT,0008.00,1.6563,3054,1430,1340,3054,83000,1370,3085,1340
9250009.00,CT,0009.00,2.0213,3504,1639,1585,3504,71000,1615,3435,1585
9250010.00,CT,0010.00,1.9633,4944,2707,2543,4944,68000,2520,4935,2545
9250011.00,CT,0011.00,1.6671,2156,1212,1108,2156,50400,1130,1670,1110
9250012.00,CT,0012.00,1.6348,4402,2291,2152,4402,51600,2135,4115,2155
9250013.00,CT,0013.00,1.4014,3800,1603,1517,3800,75500,1545,3635,1520
9250014.00,CT,0014.00,1.0398,3111,1717,1627,3111,52000,1620,3175,1630
9250015.00,CT,0015.00,1.4591,4767,2010,1952,4767,72500,1940,4760,1950
9250016.00,CT,0016.00,1.54,4431,1680,1532,4431,82000,1555,3720,1530
9250017.00,CT,0017.00,2.3259,4685,1828,1796,4685,99000,1785,4580,1795
9250018.00,CT,0018.00,37.6396,6768,2792,2709,6768,94000,2705,6700,2710
9250019.00,CT,0019.00,40.6862,4630,1773,1740,4630,104000,1725,4680,1740
9250020.00,CT,0020.00,2.3397,4754,1758,1721,4754,91000,1735,4215,1725
9250021.01,CT,0021.01,4.2525,1959,729,719,1959,116000,730,1980,720
9250021.02,CT,0021.02,136.7272,3915,1789,1707,3915,90000,1710,3740,1705
9250022.00,CT,0022.00,12.7087,482,228,219,482,81000,215,465,220
9250100.01,CT,0100.01,5.0267,57,20,20,57,,20,55,20
9250100.02,CT,0100.02,13.4068,316,118,117,316,64000,115,315,115
9250100.03,CT,0100.03,1587.409,5502,3437,2346,5502,92000,2345,5455,2345
9250101.00,CT,0101.00,3285.5569,1796,868,759,1796,98000,760,1785,760
9250110.00,CT,0110.00,324.2761,2255,1135,1064,2255,66500,1065,2250,1065
9250200.00,CT,0200.00,3.7528,2399,1249,1175,2399,60400,1175,2380,1175
9300001.00,CT,0001.00,3.45,4105,1400,1370,4105,106000,1375,4190,1370
9300002.02,CT,0002.02,1.5027,3691,1489,1437,3691,87000,1425,3600,1440
9300003.00,CT,0003.00,0.4805,1980,1119,1072,1980,43600,1055,1815,1070
9300004.00,CT,0004.00,0.5536,1764,843,807,1764,60400,790,1835,805
9300005.00,CT,0005.00,0.8845,3537,2170,2072,3537,42800,2025,3065,2075
9300006.00,CT,0006.00,0.8424,2678,1321,1234,2678,52000,1180,2315,1235
9300007.00,CT,0007.00,2.1727,4841,1994,1903,4841,76000,1970,5230,1900
9300008.00,CT,0008.00,3.3552,4509,1836,1772,4509,81000,1780,4620,1775
9300009.00,CT,0009.00,2.243,602,285,256,602,44000,250,375,255
9300010.00,CT,0010.00,0.5759,2629,1184,1114,2629,65000,1115,2405,1115
9300011.01,CT,0011.01,0.7164,295,197,192,295,42000,190,295,190
9300011.02,CT,0011.02,1.6766,4068,1528,1479,4068,80000,1545,4000,1480
9300012.01,CT,0012.01,1.1607,245,65,65,245,,65,245,65
9300012.02,CT,0012.02,1.3548,0,0,0,0,,,,
9300012.03,CT,0012.03,2.5866,89,41,32,89,,30,90,30
9300012.04,CT,0012.04,0.2088,45,13,13,45,,10,45,10
9300012.05,CT,0012.05,1.3487,158,61,57,158,,60,155,55
9300012.06,CT,0012.06,4.7752,19,6,6,19,,,,
9300012.07,CT,0012.07,3.8324,102,42,40,102,,40,130,40
9300013.00,CT,0013.00,6.4365,1801,767,733,1801,105000,735,1785,735
9300014.00,CT,0014.00,42.2168,3027,1010,966,3027,105000,950,2990,965
9300015.00,CT,0015.00,24.6961,3780,1228,1197,3780,117000,1210,3800,1195
9300016.02,CT,0016.02,53.2415,4608,1537,1470,4608,126000,1440,4430,1470
9300016.03,CT,0016.03,4.9952,8960,3121,3048,8960,110000,3080,9190,3045
9300016.04,CT,0016.04,1.2042,2550,829,806,2550,116000,805,2485,805
9300017.01,CT,0017.01,2.9406,6148,2207,2151,6148,111000,2150,6145,2150
9300017.02,CT,0017.02,1.4681,7125,3141,3037,7125,83000,3015,6915,3035
9300018.01,CT,0018.01,2.6434,3089,1680,1613,3089,63200,1625,3115,1610
9300018.02,CT,0018.02,2.243,5257,1811,1768,5257,101000,1790,5445,1765
9300019.00,CT,0019.00,2.5834,3945,1627,1541,3945,96000,1530,3800,1540
9300020.01,CT,0020.01,0.2074,49,22,18,49,,20,50,15
9300020.02,CT,0020.02,0.7156,983,466,451,983,67000,455,980,450
9300020.03,CT,0020.03,3.864,4794,2385,2299,4794,60000,2310,4755,2300
9300021.00,CT,0021.00,23.5631,971,312,296,971,97000,300,1010,295
9300022.00,CT,0022.00,1.186,1136,421,411,1136,114000,425,1090,410
9300023.01,CT,0023.01,0.9632,5,3,3,5,,,,
9300023.02,CT,0023.02,60.5223,3357,1080,1050,3357,109000,1035,3400,1050
9300024.00,CT,0024.00,3.8375,1219,431,423,1219,91000,415,1170,420
9300025.00,CT,0025.00,749.3005,4027,2299,1802,4027,77500,1825,3880,1800
9300026.00,CT,0026.00,4.5657,255,100,93,255,,85,235,90
9300027.00,CT,0027.00,0.8664,5,4,3,5,,,,
9300028.00,CT,0028.00,168.5891,6300,2518,2351,6300,78000,2350,5585,2350
9300029.00,CT,0029.00,1.0395,15,4,4,15,,,,
9300030.00,CT,0030.00,16.6077,800,253,237,800,55600,240,800,235
9300031.00,CT,0031.00,5.485,1905,1045,885,1905,74000,885,1860,885
9300032.00,CT,0032.00,219.3788,2092,735,712,2092,109000,690,2000,715
9300033.00,CT,0033.00,3.4982,207,76,74,207,,75,210,75
9300034.00,CT,0034.00,1.4458,0,2,2,0,,,,
9320001.00,CT,0001.00,26.3749,3100,723,660,3100,121000,630,2425,660
9320002.00,CT,0002.00,8.7967,1226,441,423,1226,85000,425,1220,425
9320003.00,CT,0003.00,2.1672,7963,2790,2643,7963,77000,2640,7905,2645
9320004.00,CT,0004.00,1.8956,7591,2373,2216,7591,93000,2215,7455,2215
9320005.01,CT,0005.01,1.2642,4019,1557,1459,4019,83000,1450,3820,1460
9320005.02,CT,0005.02,1.6522,7528,3512,3358,7528,54000,3370,6710,3360
9320006.00,CT,0006.00,2.2201,7354,3743,3599,7354,59200,3595,7090,3600
9320007.01,CT,0007.01,0.676,4143,2110,2034,4143,56000,2035,4015,2035
9320007.02,CT,0007.02,0.868,5731,3098,3019,5731,60800,3000,5590,3020
9320008.03,CT,0008.03,2.3498,6406,1842,1759,6406,110000,1755,6415,1760
9320008.04,CT,0008.04,1.989,6748,1852,1736,6748,109000,1740,6740,1740
9320008.05,CT,0008.05,1.0705,4818,1424,1326,4818,101000,1285,4630,1325
9320008.06,CT,0008.06,0.9019,3466,1073,1023,3466,104000,1065,3655,1020
9320009.01,CT,0009.01,2.483,7146,2047,1948,7146,110000,1950,7130,1950
9320009.02,CT,0009.02,4.5657,5932,2002,1942,5932,94000,1965,6040,1945
9320010.00,CT,0010.00,1.454,38,17,16,38,,,,
9320011.00,CT,0011.00,4.7774,7362,2515,2462,7362,112000,2460,7365,2460
9320012.01,CT,0012.01,2.263,5637,1834,1737,5637,128000,1735,5635,1740
9320012.02,CT,0012.02,2.7155,4489,1506,1445,4489,125000,1425,4490,1445
9320013.01,CT,0013.01,1.3578,119,41,41,119,,40,120,40
9320013.02,CT,0013.02,55.942,3518,1127,1080,3518,112000,1080,3520,1080
9320014.01,CT,0014.01,83.0253,6771,2118,2037,6771,123000,2025,6530,2040
9320014.02,CT,0014.02,15.086,5135,1496,1397,5135,122000,1405,5180,1400
9320100.00,CT,0100.00,95.1874,3403,1086,1028,3403,112000,1040,3345,1025
9320101.00,CT,0101.00,7.9148,2879,1363,1305,2879,75500,1315,2805,1305
9320102.00,CT,0102.00,1.3167,5388,2512,2417,5388,67000,2390,5170,2420
9320103.00,CT,0103.00,0.8569,1988,1110,1058,1988,58800,1030,1930,1055
9320104.00,CT,0104.00,2.2293,5341,1904,1840,5341,106000,1890,5570,1840
9320105.00,CT,0105.00,2.3004,4527,1596,1525,4527,119000,1470,4365,1525
9320106.03,CT,0106.03,2.564,232,79,74,232,,75,235,75
9320106.04,CT,0106.04,2.8566,4704,1695,1624,4704,126000,1635,4810,1625
9320106.05,CT,0106.05,2.1327,4189,1662,1617,4189,104000,1660,4245,1615
9320106.06,CT,0106.06,35.9983,4984,1531,1501,4984,141000,1520,4975,1505
9320200.00,CT,0200.00,4.0243,3919,1861,1772,3919,65500,1720,3620,1775
9320201.01,CT,0201.01,1.8198,4823,1770,1666,4823,100000,1685,4850,1665
9320201.02,CT,0201.02,1.4544,4462,1523,1432,4462,113000,1410,4360,1435
9320202.00,CT,0202.00,3.0188,7926,2840,2745,7926,87000,2805,7865,2745
9320203.00,CT,0203.00,6.2491,3070,1087,1035,3070,98000,1030,3010,1035
9320204.00,CT,0204.00,7.0652,3787,1308,1275,3787,110000,1285,3790,1275
9320205.00,CT,0205.00,15.285,8648,2478,2415,8648,123000,2410,8245,2415
9320206.01,CT,0206.01,162.8495,2830,1087,1050,2830,98000,1045,2665,1050
9320206.02,CT,0206.02,0.4799,332,168,166,332,60000,170,335,165
9320207.00,CT,0207.00,25.2176,2054,747,708,2054,109000,705,2210,705
9330001.01,CT,0001.01,1.0195,6154,2336,2290,6154,89000,2380,6125,2290
9330001.02,CT,0001.02,1.8621,8245,3799,3587,8245,95000,3500,8000,3585
9330002.01,CT,0002.01,1.9403,6949,3024,2890,6949,88000,2900,6955,2890
9330002.03,CT,0002.03,0.7852,3908,1465,1357,3908,91000,1355,3910,1355
9330002.04,CT,0002.04,0.777,4527,1703,1587,4527,95000,1575,4270,1590
9330003.01,CT,0003.01,0.5432,3703,1370,1218,3703,94000,1225,3610,1215
9330003.02,CT,0003.02,1.1175,4519,1474,1368,4519,91000,1365,4470,1370
9330004.01,CT,0004.01,1.5554,7090,3492,3155,7090,69500,3170,6805,3155
9330004.02,CT,0004.02,1.1824,5548,1922,1792,5548,90000,1775,5660,1790
9330005.00,CT,0005.00,1.3791,7151,4405,4204,7151,57200,4205,7150,4205
9330006.01,CT,0006.01,0.9175,4998,1946,1844,4998,87000,1815,5015,1845
9330006.02,CT,0006.02,1.0936,6096,2398,2257,6096,75000,2285,5655,2255
9330007.01,CT,0007.01,2.6684,5724,2490,2350,5724,83000,2350,5610,2350
9330007.02,CT,0007.02,1.4185,4256,1774,1660,4256,100000,1665,4370,1660
9330008.01,CT,0008.01,1.8398,1646,584,562,1646,108000,555,1645,560
9330008.02,CT,0008.02,3.5378,4209,1621,1523,4209,143000,1545,4335,1525
9330009.00,CT,0009.00,1.6647,7168,3521,3304,7168,75000,3305,7165,3305
9330010.01,CT,0010.01,1.4154,5447,2439,2283,5447,77000,2295,5430,2285
9330010.02,CT,0010.02,1.393,5197,1975,1889,5197,96000,1880,5130,1890
9330011.00,CT,0011.00,1.5728,6910,2727,2501,6910,86000,2500,6910,2500
9330012.01,CT,0012.01,0.8885,4455,1747,1588,4455,99000,1620,4585,1590
9330012.02,CT,0012.02,0.6543,4047,1653,1549,4047,91000,1520,3900,1550
9330013.01,CT,0013.01,1.1375,6634,2537,2357,6634,81000,2360,6635,2360
9330013.03,CT,0013.03,0.6239,5213,1812,1693,5213,87000,1680,5175,1695
9330013.04,CT,0013.04,0.4773,3580,1284,1175,3580,90000,1185,3620,1175
9330014.01,CT,0014.01,0.5041,2936,1122,1040,2936,81000,1040,2925,1040
9330014.02,CT,0014.02,0.807,5651,2236,2076,5651,68500,2075,5645,2075
9330015.01,CT,0015.01,0.9314,5688,2058,1883,5688,93000,1885,5680,1885
9330015.02,CT,0015.02,1.3426,6770,2544,2378,6770,83000,2375,6450,2375
9330016.01,CT,0016.01,0.6765,4966,1904,1805,4966,76000,1805,4945,1805
9330016.04,CT,0016.04,0.9363,7340,2816,2666,7340,84000,2665,7325,2670
9330016.05,CT,0016.05,0.5427,4861,2075,1917,4861,79000,1905,4790,1915
9330016.06,CT,0016.06,0.1238,6489,3577,3437,6489,74000,3445,6555,3440
9330017.02,CT,0017.02,0.8547,6673,2528,2392,6673,86000,2350,6380,2390
9330017.03,CT,0017.03,0.7405,4948,1999,1862,4948,85000,1870,5015,1860
9330017.04,CT,0017.04,0.4194,2695,1035,958,2695,87000,950,2620,955
9330018.01,CT,0018.01,0.9026,7070,2669,2497,7070,83000,2475,7020,2495
9330018.02,CT,0018.02,0.988,7167,2708,2531,7167,95000,2530,7115,2530
9330019.00,CT,0019.00,1.8392,5611,2532,2352,5611,91000,2360,5475,2355
9330020.00,CT,0020.00,1.3912,3745,1614,1497,3745,94000,1475,3380,1495
9330021.00,CT,0021.00,2.2093,3624,1375,1278,3624,166000,1280,3660,1280
9330022.00,CT,0022.00,0.3178,3098,1847,1709,3098,71000,1720,3120,1710
9330023.00,CT,0023.00,1.2002,4387,1610,1497,4387,127000,1480,4120,1500
9330024.00,CT,0024.00,1.7023,6007,2314,2161,6007,123000,2160,6010,2160
9330025.00,CT,0025.00,1.9891,7567,3076,2828,7567,108000,2795,7300,2825
9330026.00,CT,0026.00,1.2593,4793,1976,1853,4793,98000,1885,4940,1855
9330027.01,CT,0027.01,1.2742,4138,1591,1502,4138,101000,1500,3990,1500
9330027.02,CT,0027.02,1.0312,3589,1513,1395,3589,91000,1385,3455,1395
9330028.00,CT,0028.00,1.4746,3121,1331,1232,3121,105000,1200,3150,1230
9330029.00,CT,0029.00,1.5016,7390,3365,3179,7390,99000,3230,7285,3180
9330030.00,CT,0030.00,1.4562,7346,3126,2910,7346,108000,2905,7375,2910
9330031.01,CT,0031.01,0.8985,6159,2773,2598,6159,106000,2610,6290,2600
9330031.02,CT,0031.02,0.6934,4566,1969,1842,4566,107000,1825,4410,1840
9330032.01,CT,0032.01,0.5797,4639,2064,1897,4639,94000,1820,4495,1900
9330032.02,CT,0032.02,0.6622,5058,2297,2141,5058,90000,2120,5000,2140
9330033.01,CT,0033.01,0.6823,5007,2094,1930,5007,101000,1925,5090,1930
9330033.02,CT,0033.02,0.4472,2977,1137,1043,2977,92000,1050,2890,1040
9330034.01,CT,0034.01,0.6734,6112,2488,2336,6112,83000,2360,6140,2335
9330034.02,CT,0034.02,1.3371,7476,2834,2638,7476,91000,2640,7205,2640
9330035.01,CT,0035.01,0.7209,4369,1754,1647,4369,84000,1685,4525,1645
9330035.02,CT,0035.02,1.534,6793,2845,2676,6793,81000,2675,6705,2680
9330036.01,CT,0036.01,1.3696,6218,2312,2167,6218,85000,2165,6115,2170
9330036.02,CT,0036.02,1.4685,6125,2232,2128,6125,93000,2130,6105,2125
9330037.01,CT,0037.01,0.6017,5032,2200,2068,5032,96000,2000,4810,2070
9330037.02,CT,0037.02,0.519,3503,1655,1554,3503,83000,1655,3640,1555
9330038.00,CT,0038.00,0.589,6742,3660,3503,6742,84000,3575,6580,3505
9330039.01,CT,0039.01,0.7142,6284,3721,3523,6284,84000,3525,6255,3525
9330039.02,CT,0039.02,0.6033,5874,3235,3050,5874,83000,3050,5515,3050
9330040.01,CT,0040.01,0.2705,4131,2972,2816,4131,64500,2800,4020,2815
9330040.02,CT,0040.02,0.3166,4501,3055,2889,4501,71000,2850,4475,2890
9330041.01,CT,0041.01,0.381,4511,2981,2778,4511,78000,2830,4470,2775
9330041.02,CT,0041.02,1.0012,7993,4180,3954,7993,99000,3945,7690,3955
9330042.00,CT,0042.00,1.0874,6591,3001,2744,6591,100000,2745,6590,2745
9330043.01,CT,0043.01,0.7113,3953,1935,1732,3953,89000,1700,3920,1735
9330043.02,CT,0043.02,0.9967,4311,1776,1630,4311,113000,1660,4340,1630
9330044.00,CT,0044.00,2.8772,4622,2268,2095,4622,96000,2070,4670,2095
9330045.01,CT,0045.01,0.673,4821,2567,2381,4821,104000,2405,4730,2380
9330045.02,CT,0045.02,0.7334,5915,3012,2822,5915,93000,2825,5895,2820
9330046.00,CT,0046.00,0.4919,5349,3152,3023,5349,78500,3035,5410,3020
9330047.01,CT,0047.01,0.333,3784,2417,2261,3784,83000,2300,3680,2260
9330047.02,CT,0047.02,0.3916,4200,2827,2678,4200,79000,2640,4040,2680
9330048.01,CT,0048.01,0.8336,5828,3649,3481,5828,77500,3465,5785,3480
9330048.02,CT,0048.02,0.3864,2590,1593,1518,2590,96000,1535,2575,1515
9330049.02,CT,0049.02,0.8513,5996,3294,3167,5996,89000,3170,5785,3165
9330049.03,CT,0049.03,0.2532,2991,1699,1623,2991,110000,1610,3070,1625
9330049.04,CT,0049.04,0.2506,3375,1882,1816,3375,104000,1820,3390,1815
9330049.05,CT,0049.05,0.6446,1291,1012,739,1291,89000,695,1215,740
9330049.06,CT,0049.06,0.4025,8739,5490,5060,8739,104000,5105,8535,5060
9330050.02,CT,0050.02,0.6813,6240,3631,3462,6240,64500,3475,6305,3465
9330050.03,CT,0050.03,1.293,6935,4441,4256,6935,78500,4310,6935,4260
9330050.04,CT,0050.04,0.3066,3196,2009,1865,3196,61600,1810,3025,1865
9330051.01,CT,0051.01,0.5443,3252,1418,1309,3252,105000,1315,3355,1305
9330051.02,CT,0051.02,0.755,4608,1942,1825,4608,83000,1815,4470,1825
9330052.01,CT,0052.01,1.2612,6461,2659,2466,6461,69000,2465,6360,2465
9330052.02,CT,0052.02,1.3256,6242,2481,2291,6242,88000,2290,6115,2295
9330053.01,CT,0053.01,2.6249,6701,2889,2690,6701,92000,2720,6725,2690
9330053.02,CT,0053.02,0.798,3819,1656,1543,3819,90000,1515,3710,1540
9330054.01,CT,0054.01,0.586,3855,1693,1584,3855,95000,1575,3810,1585
9330054.02,CT,0054.02,0.7927,4638,1815,1727,4638,97000,1735,4610,1730
9330055.01,CT,0055.01,0.8045,5425,2842,2673,5425,74000,2685,5535,2675
9330055.02,CT,0055.02,0.6522,4406,2574,2463,4406,65500,2475,4325,2465
9330056.01,CT,0056.01,1.1288,4077,2506,2353,4077,56800,2325,3975,2350
9330056.02,CT,0056.02,0.6673,4467,2457,2320,4467,76500,2310,4375,2320
9330057.01,CT,0057.01,0.2311,3492,1841,1708,3492,38800,1710,3020,1710
9330057.02,CT,0057.02,1.6262,5012,2568,2373,5012,52800,2370,4705,2375
9330058.00,CT,0058.00,1.0881,4151,2231,2031,4151,32000,2025,2740,2030
9330059.07,CT,0059.07,0.2539,5646,3504,3153,5646,101000,3120,5650,3150
9330059.08,CT,0059.08,0.3375,7131,3842,3579,7131,98000,3580,7005,3580
9330059.09,CT,0059.09,0.1998,7976,5538,5172,7976,69000,5205,7800,5170
9330059.10,CT,0059.10,0.1992,7089,4661,4299,7089,72000,4300,6680,4300
9330059.11,CT,0059.11,0.8597,8566,5500,4956,8566,84000,4955,8110,4955
9330059.13,CT,0059.13,0.319,5079,3136,2789,5079,87000,2780,4940,2790
9330059.15,CT,0059.15,0.1499,4958,3071,2795,4958,91000,2785,4755,2795
9330059.16,CT,0059.16,0.4407,5527,3260,2976,5527,93000,2995,5510,2975
9330059.17,CT,0059.17,0.5663,5200,3556,3086,5200,50000,3055,4315,3085
9330059.18,CT,0059.18,0.2148,2943,1792,1634,2943,38000,1665,2305,1635
9330060.01,CT,0060.01,0.1486,3184,2212,2080,3184,68000,2095,3165,2080
9330060.02,CT,0060.02,0.2319,5799,4125,3791,5799,63200,3775,5745,3795
9330061.00,CT,0061.00,0.2121,5275,3825,3527,5275,65500,3575,5305,3530
9330062.00,CT,0062.00,0.168,3390,2487,2273,3390,67000,2275,3410,2270
9330063.00,CT,0063.00,0.1851,4492,3145,2763,4492,68500,2700,4450,2760
9330064.00,CT,0064.00,0.2389,4870,3365,3188,4870,60000,3240,4930,3190
9330065.00,CT,0065.00,0.241,6799,4693,4257,6799,64500,4210,6645,4255
9330066.01,CT,0066.01,0.1283,3370,2108,1803,3370,74500,1740,3005,1800
9330066.02,CT,0066.02,0.4281,6363,3871,3399,6363,87000,3460,6565,3400
9330067.01,CT,0067.01,0.1863,3724,2714,2514,3724,51200,2525,3685,2515
9330067.02,CT,0067.02,0.2208,5126,3177,2799,5126,80000,2750,5060,2795
9330068.00,CT,0068.00,4.0575,4940,3625,3360,4940,65000,3405,4970,3360
9330069.02,CT,0069.02,9.0083,7309,3932,3226,7309,57200,3235,7340,3225
9330069.03,CT,0069.03,2.3592,8177,3450,3048,8177,70000,3075,6820,3050
9330069.04,CT,0069.04,3.1091,2810,1537,1272,2810,64500,1300,2760,1270
9330100.01,CT,0100.01,0.9705,4231,1751,1657,4231,102000,1715,4035,1660
9330100.02,CT,0100.02,2.8838,8093,3813,3592,8093,100000,3590,8080,3595
9330101.03,CT,0101.03,0.3386,5683,3511,3370,5683,70000,3390,5685,3370
9330101.04,CT,0101.04,0.3021,5664,3436,3184,5664,68500,3185,5725,3185
9330101.05,CT,0101.05,0.5881,4992,2473,2357,4992,87000,2290,4960,2360
9330101.06,CT,0101.06,0.4221,6375,4070,3758,6375,82000,3740,6370,3755
9330102.01,CT,0102.01,0.2767,570,199,172,570,79000,170,570,175
9330102.02,CT,0102.02,2.572,7360,2925,2788,7360,103000,2790,7010,2785
9330103.01,CT,0103.01,0.7027,3454,1639,1553,3454,86000,1595,3450,1550
9330103.02,CT,0103.02,0.638,4486,2405,2194,4486,69500,2220,4440,2190
9330104.01,CT,0104.01,0.5189,2568,1141,1055,2568,92000,1040,2640,1055
9330104.02,CT,0104.02,1.893,5214,1857,1785,5214,127000,1745,5105,1785
9330110.02,CT,0110.02,2.191,3099,1203,1156,3099,144000,1130,3050,1155
9330110.03,CT,0110.03,38.7666,3104,1333,1260,3104,135000,1205,2955,1260
9330110.04,CT,0110.04,1.5078,4043,1472,1439,4043,143000,1490,4185,1440
9330111.02,CT,0111.02,32.0499,7392,2784,2716,7392,134000,2715,7370,2715
9330111.04,CT,0111.04,1.1176,2373,1168,1136,2373,100000,1145,2370,1140
9330111.05,CT,0111.05,3.3093,4264,1602,1549,4264,118000,1575,4120,1550
9330111.06,CT,0111.06,0.4861,105,37,30,105,,30,100,30
9330111.07,CT,0111.07,23.834,5190,2227,2109,5190,106000,2095,5020,2110
9330112.00,CT,0112.00,1.0574,2825,1160,1093,2825,114000,1105,2990,1090
9330113.00,CT,0113.00,2.9346,8422,3537,3330,8422,104000,3330,8305,3330
9330114.01,CT,0114.01,1.6624,2870,967,938,2870,162000,895,2690,940
9330114.02,CT,0114.02,2.0103,5301,1896,1833,5301,138000,1870,5445,1830
9330115.00,CT,0115.00,4.6825,6017,2133,2068,6017,128000,2070,5735,2065
9330116.00,CT,0116.00,16.1051,5213,1924,1850,5213,135000,1850,5210,1850
9330117.00,CT,0117.00,2.3834,6264,2339,2242,6264,130000,2240,6175,2240
9330118.00,CT,0118.00,3.5202,8572,3993,3738,8572,84000,3740,8570,3740
9330119.00,CT,0119.00,1.3119,2713,1100,1049,2713,123000,1055,2740,1045
9330120.00,CT,0120.00,2.2807,4005,1445,1391,4005,148000,1390,3955,1390
9330121.00,CT,0121.00,1.8524,4708,1621,1546,4708,159000,1530,4575,1545
9330122.00,CT,0122.00,19.2053,4166,1443,1393,4166,146000,1405,4295,1395
9330130.01,CT,0130.01,0.8792,4639,2898,2673,4639,74000,2705,4555,2670
9330130.03,CT,0130.03,1.4738,5174,2895,2679,5174,66000,2665,5005,2675
9330130.04,CT,0130.04,1.7163,2899,1464,1334,2899,58000,1335,2905,1335
9330131.00,CT,0131.00,3.3609,7420,2743,2614,7420,109000,2610,7070,2615
9330132.00,CT,0132.00,3.3004,3731,1358,1300,3731,170000,1285,3600,1300
9330133.01,CT,0133.01,3.9299,3729,1522,1446,3729,150000,1435,3595,1445
9330133.02,CT,0133.02,36.7417,6250,2435,2318,6250,152000,2330,6380,2315
9330134.00,CT,0134.00,15.1739,7973,3061,2901,7973,106000,2900,7970,2900
9330135.00,CT,0135.00,22.3201,5206,1883,1759,5206,120000,1760,5205,1755
9330140.02,CT,0140.02,15.6758,7464,3153,3057,7464,101000,3055,7400,3055
9330140.03,CT,0140.03,42.1844,4467,1641,1571,4467,92000,1555,4350,1575
9330140.04,CT,0140.04,2.5086,5256,1816,1678,5256,117000,1680,5250,1675
9330141.02,CT,0141.02,0.0826,811,419,402,811,87000,395,755,400
9330141.03,CT,0141.03,1.4115,4956,2130,2052,4956,97000,2030,4860,2050
9330141.04,CT,0141.04,0.7851,3516,1289,1260,3516,96000,1290,3505,1260
9330142.01,CT,0142.01,1.4698,6098,2117,2064,6098,110000,2065,6090,2065
9330142.02,CT,0142.02,1.4645,4853,1764,1709,4853,95000,1710,4850,1710
9330142.03,CT,0142.03,1.5305,6618,2564,2473,6618,84000,2465,6440,2475
9330143.01,CT,0143.01,1.331,5489,1850,1778,5489,99000,1775,5485,1780
9330143.02,CT,0143.02,1.3032,4650,1706,1639,4650,75000,1615,4365,1640
9330143.03,CT,0143.03,1.34,4828,1767,1700,4828,82000,1710,4905,1700
9330143.04,CT,0143.04,1.3211,5590,1861,1815,5590,100000,1840,5715,1815
9330144.03,CT,0144.03,0.6772,2553,836,800,2553,97000,790,2435,800
9330144.04,CT,0144.04,1.3364,5574,2116,2032,5574,78500,2035,5475,2035
9330144.05,CT,0144.05,0.6899,2697,967,927,2697,81000,920,2620,925
9330144.06,CT,0144.06,1.3276,5255,1815,1744,5255,96000,1755,5360,1740
9330145.01,CT,0145.01,1.336,4268,1500,1448,4268,84000,1450,4250,1445
9330145.02,CT,0145.02,1.3767,3171,1083,1050,3171,99000,1050,3175,1050
9330146.00,CT,0146.00,4.7848,8114,3017,2905,8114,90000,2920,8055,2905
9330147.04,CT,0147.04,0.3308,5249,2477,2406,5249,66000,2415,5405,2405
9330147.05,CT,0147.05,0.3296,4528,1937,1871,4528,68000,1860,4370,1870
9330147.07,CT,0147.07,0.453,6996,3788,3549,6996,50000,3550,7000,3550
9330147.09,CT,0147.09,0.2401,3809,1641,1589,3809,68000,1600,3635,1590
9330147.10,CT,0147.10,0.4137,4315,1999,1918,4315,71000,1905,4315,1920
9330147.11,CT,0147.11,0.2066,3724,1745,1695,3724,63600,1695,3690,1695
9330147.12,CT,0147.12,0.3991,3901,1819,1727,3901,64500,1730,3885,1730
9330147.13,CT,0147.13,0.3805,5726,2560,2456,5726,68500,2465,5715,2455
9330147.14,CT,0147.14,2.3036,5947,2085,2003,5947,85000,1995,5935,2000
9330148.01,CT,0148.01,1.2267,6033,3115,2733,6033,59600,2630,5860,2735
9330148.02,CT,0148.02,0.9005,5414,3021,2776,5414,55200,2840,5395,2775
9330148.03,CT,0148.03,0.6631,3604,2023,1871,3604,42000,1920,3490,1870
9330149.02,CT,0149.02,1.5319,4600,1591,1533,4600,96000,1540,4635,1530
9330149.05,CT,0149.05,0.6478,2221,747,718,2221,81000,740,2225,715
9330149.06,CT,0149.06,1.6689,4788,1799,1734,4788,87000,1735,4785,1735
9330149.07,CT,0149.07,1.0388,2710,905,858,2710,98000,860,2620,860
9330149.08,CT,0149.08,1.0331,4469,1839,1788,4469,83000,1790,4560,1790
9330149.09,CT,0149.09,0.6636,2951,1144,1076,2951,74500,1050,2945,1075
9330150.00,CT,0150.00,17.9453,819,315,304,819,114000,305,880,305
9330151.03,CT,0151.03,3.0815,3586,1320,1224,3586,102000,1190,3445,1225
9330151.05,CT,0151.05,1.2982,3739,1213,1173,3739,97000,1210,3780,1170
9330151.06,CT,0151.06,1.91,5273,1663,1605,5273,106000,1605,5270,1605
9330151.07,CT,0151.07,2.968,7045,3931,3613,7045,53200,3600,6970,3615
9330151.09,CT,0151.09,0.5913,2568,838,819,2568,98000,800,2575,815
9330151.10,CT,0151.10,0.6965,6630,3135,2981,6630,68000,2985,6485,2980
9330151.11,CT,0151.11,2.013,3064,974,956,3064,99000,970,3195,955
9330160.01,CT,0160.01,2.1615,4574,1708,1658,4574,133000,1640,4585,1660
9330160.02,CT,0160.02,6.5824,6707,3107,2988,6707,105000,2990,6705,2990
9330160.03,CT,0160.03,2.654,5855,2314,2218,5855,108000,2240,5655,2215
9330160.04,CT,0160.04,2.3121,5024,2462,2364,5024,88000,2365,4880,2360
9330161.02,CT,0161.02,1.728,5687,2447,2368,5687,93000,2370,5675,2365
9330161.03,CT,0161.03,2.3324,6425,2520,2461,6425,106000,2460,6340,2460
9330161.05,CT,0161.05,1.6113,5540,2088,2045,5540,108000,1975,5445,2045
9330161.06,CT,0161.06,3.7036,5395,2242,2164,5395,106000,2235,5415,2160
9330161.07,CT,0161.07,0.5331,10,4,4,10,,,,
9330161.08,CT,0161.08,6.5719,2256,1081,930,2256,98000,930,2155,930
9330161.09,CT,0161.09,136.2185,2479,828,772,2479,105000,775,1970,775
9330162.01,CT,0162.01,2.1433,6095,2011,1945,6095,119000,1945,5990,1945
9330162.02,CT,0162.02,2.0774,6877,2166,2082,6877,119000,2080,6870,2085
9330162.04,CT,0162.04,4.9189,5857,1953,1897,5857,135000,1900,5855,1895
9330162.05,CT,0162.05,0.9558,4917,1603,1478,4917,97000,1475,4985,1480
9330162.06,CT,0162.06,0.7018,3196,1013,935,3196,104000,940,3125,935
9330163.01,CT,0163.01,1.7325,6497,2135,2034,6497,117000,2035,6495,2035
9330163.04,CT,0163.04,2.6233,6009,2042,1933,6009,121000,1930,5990,1935
9330163.05,CT,0163.05,1.6434,6176,2115,1997,6176,94000,2015,6195,2000
9330163.06,CT,0163.06,0.9853,5346,1821,1732,5346,95000,1715,5310,1735
9330163.07,CT,0163.07,1.3187,5473,1758,1667,5473,104000,1650,5335,1665
9330163.08,CT,0163.08,1.2586,4326,1403,1320,4326,111000,1335,4430,1320
9330170.03,CT,0170.03,0.4898,4395,3098,2878,4395,58000,2890,4350,2875
9330170.04,CT,0170.04,2.1784,5970,2718,2484,5970,94000,2475,5605,2485
9330170.05,CT,0170.05,0.3206,2938,2060,1960,2938,56400,1975,2980,1960
9330170.07,CT,0170.07,1.2192,4663,1676,1579,4663,93000,1540,3850,1575
9330170.08,CT,0170.08,0.9656,3973,1989,1834,3973,92000,1860,3940,1835
9330180.05,CT,0180.05,1.2964,5470,2201,2111,5470,102000,2085,5300,2115
9330180.06,CT,0180.06,1.6316,3014,1023,997,3014,144000,1025,2915,995
9330180.07,CT,0180.07,8.8354,9052,3374,3102,9052,111000,3065,8960,3105
9330180.08,CT,0180.08,35.8065,5874,2233,2089,5874,119000,2125,5955,2090
9330180.09,CT,0180.09,1.7286,7996,3246,3135,7996,104000,3155,7925,3135
9330180.10,CT,0180.10,1.3137,4564,1616,1562,4564,115000,1545,4475,1565
9330181.03,CT,0181.03,6.2587,5335,2196,2062,5335,115000,2060,5315,2060
9330181.07,CT,0181.07,1.8656,3471,1339,1297,3471,129000,1280,3455,1295
9330181.08,CT,0181.08,1.2226,2834,1057,1007,2834,126000,1025,2850,1010
9330181.09,CT,0181.09,3.9034,6234,2328,2258,6234,100000,2260,6115,2255
9330181.10,CT,0181.10,3.2695,5243,2242,2171,5243,83000,2185,5200,2170
9330181.11,CT,0181.11,0.6375,2693,1462,1417,2693,64000,1405,2720,1415
9330181.12,CT,0181.12,3.4354,3000,1055,1009,3000,132000,990,2890,1010
9330181.13,CT,0181.13,1.8705,4225,1912,1816,4225,92000,1855,4330,1815
9330181.14,CT,0181.14,1.4486,4591,1928,1873,4591,88000,1850,4430,1875
9330181.15,CT,0181.15,1.3222,71,33,31,71,,30,70,30
9330181.16,CT,0181.16,2.2791,5839,2336,2229,5839,98000,2230,5650,2230
9330181.17,CT,0181.17,1.8153,4794,2001,1917,4794,80000,1940,4735,1915
9330181.18,CT,0181.18,0.6459,3641,1881,1830,3641,68500,1800,3235,1830
9330182.02,CT,0182.02,2.6124,7845,2431,2375,7845,137000,2375,7835,2375
9330182.03,CT,0182.03,8.0915,5401,1680,1550,5401,126000,1590,5535,1550
9330182.04,CT,0182.04,2.2554,1789,558,542,1789,148000,560,1740,540
9330182.05,CT,0182.05,18.9505,7665,2566,2428,7665,118000,2415,7645,2425
9330182.06,CT,0182.06,9.6974,1265,434,411,1265,115000,425,1295,410
9330182.07,CT,0182.07,39.7595,2400,671,631,2400,146000,625,2255,630
9330182.08,CT,0182.08,10.3844,2946,888,841,2946,127000,810,2730,840
9330183.01,CT,0183.01,2.6634,7315,2356,2281,7315,117000,2285,7240,2280
9330183.03,CT,0183.03,2.8692,6908,2765,2636,6908,88000,2635,6800,2640
9330183.06,CT,0183.06,1.3401,2616,1037,1021,2616,93000,1055,2505,1020
9330183.07,CT,0183.07,2.5466,7266,2443,2369,7266,123000,2330,7250,2370
9330183.10,CT,0183.10,0.6634,4466,1701,1567,4466,105000,1535,4320,1570
9330183.11,CT,0183.11,0.6429,5669,2403,2324,5669,97000,2355,5815,2325
9330183.12,CT,0183.12,3.4276,3431,1264,1219,3431,101000,1185,3155,1220
9330183.13,CT,0183.13,1.08,6992,2566,2437,6992,109000,2475,7160,2435
9330183.14,CT,0183.14,1.3827,3363,1217,1127,3363,110000,1115,3365,1125
9330183.15,CT,0183.15,1.2582,3944,1274,1246,3944,130000,1245,3865,1245
9330183.16,CT,0183.16,1.339,3141,975,937,3141,140000,945,3145,935
9330183.17,CT,0183.17,0.8613,4951,1611,1583,4951,123000,1580,5025,1585
9330184.07,CT,0184.07,1.3349,5616,1947,1874,5616,76000,1875,5375,1870
9330184.08,CT,0184.08,1.2755,5956,1763,1661,5956,105000,1660,5930,1660
9330184.09,CT,0184.09,1.3166,4903,1392,1320,4903,114000,1330,4975,1320
9330184.10,CT,0184.10,1.3295,5146,1556,1445,5146,108000,1445,5150,1445
9330184.13,CT,0184.13,4.5181,6811,2056,1940,6811,114000,1920,6260,1940
9330184.15,CT,0184.15,0.9848,3215,889,849,3215,118000,835,3130,850
9330184.16,CT,0184.16,1.6529,6200,1778,1652,6200,111000,1650,6165,1650
9330184.17,CT,0184.17,1.3058,8217,2423,2299,8217,114000,2330,8315,2300
9330184.18,CT,0184.18,0.6622,3125,933,873,3125,122000,860,3170,875
9330184.19,CT,0184.19,0.6771,4420,1490,1456,4420,116000,1465,4440,1460
9330184.20,CT,0184.20,0.8741,5619,1914,1852,5619,117000,1840,5600,1850
9330184.21,CT,0184.21,1.9696,5157,1712,1636,5157,90000,1675,5100,1640
9330184.22,CT,0184.22,0.6542,4363,1734,1703,4363,76500,1660,4185,1705
9330184.23,CT,0184.23,1.3384,7814,2205,2067,7814,106000,2065,7875,2065
9330184.24,CT,0184.24,1.3023,4035,1261,1200,4035,93000,1200,3980,1200
9330184.25,CT,0184.25,0.6502,3267,981,899,3267,104000,895,3305,900
9330184.26,CT,0184.26,0.6615,4069,1102,1061,4069,126000,1060,3980,1065
9330184.27,CT,0184.27,1.2968,3013,879,833,3013,113000,840,3060,835
9330185.05,CT,0185.05,1.3335,6246,1912,1824,6246,84000,1850,6285,1825
9330185.08,CT,0185.08,3.6568,1546,471,439,1546,156000,450,1560,440
9330185.09,CT,0185.09,2.6571,5202,1827,1780,5202,86000,1780,5190,1780
9330185.10,CT,0185.10,1.2948,5940,1661,1538,5940,92000,1535,5940,1540
9330185.12,CT,0185.12,1.3233,7002,1864,1780,7002,110000,1780,6920,1780
9330185.15,CT,0185.15,2.6237,5838,1738,1637,5838,95000,1640,5815,1635
9330185.16,CT,0185.16,2.6093,4972,1373,1291,4972,101000,1270,4915,1290
9330185.17,CT,0185.17,1.0377,3674,1404,1363,3674,105000,1410,3960,1365
9330185.18,CT,0185.18,1.6842,5410,1580,1494,5410,118000,1445,5120,1490
9330185.19,CT,0185.19,0.674,5882,1974,1884,5882,94000,1920,6070,1885
9330185.20,CT,0185.20,0.6736,5215,1404,1343,5215,105000,1355,5110,1345
9330185.21,CT,0185.21,0.6684,3853,1333,1267,3853,85000,1230,3665,1270
9330185.22,CT,0185.22,0.6722,3686,1053,968,3686,93000,955,3790,965
9330185.23,CT,0185.23,0.6627,3266,923,869,3266,116000,885,3350,870
9330185.24,CT,0185.24,0.651,2610,740,706,2610,114000,705,2415,705
9330185.25,CT,0185.25,1.3116,4690,1426,1310,4690,116000,1290,4790,1310
9330185.26,CT,0185.26,0.8142,5899,1840,1778,5899,85000,1780,5940,1780
9330185.27,CT,0185.27,0.5062,2081,595,580,2081,93000,580,2040,580
9330186.01,CT,0186.01,1.9864,7954,2526,2371,7954,97000,2370,7940,2375
9330186.02,CT,0186.02,1.9051,6847,2170,2065,6847,93000,2065,6830,2065
9330186.06,CT,0186.06,1.2822,4204,1178,1099,4204,99000,1100,4160,1100
9330186.07,CT,0186.07,1.3107,5805,1608,1476,5805,105000,1475,5735,1475
9330186.08,CT,0186.08,1.3032,6604,1957,1832,6604,98000,1830,6590,1835
9330186.09,CT,0186.09,0.5998,3883,1272,1208,3883,90000,1170,3695,1210
9330186.10,CT,0186.10,0.6516,3713,1103,1037,3713,94000,1075,3945,1035
9330187.04,CT,0187.04,1.2285,1876,475,444,1876,96000,470,1740,445
9330187.05,CT,0187.05,1.3086,7473,2154,2026,7473,100000,2000,7375,2025
9330187.06,CT,0187.06,2.5946,6991,2174,2088,6991,104000,2110,6950,2085
9330187.07,CT,0187.07,0.6642,2110,629,616,2110,131000,635,2070,615
9330187.11,CT,0187.11,1.3857,6975,2361,2304,6975,103000,2285,7015,2305
9330187.12,CT,0187.12,1.1483,4239,1379,1336,4239,102000,1380,4345,1335
9330187.13,CT,0187.13,1.1075,4148,1319,1233,4148,101000,1190,4020,1230
9330187.14,CT,0187.14,0.6458,3810,1425,1325,3810,89000,1325,3730,1325
9330187.15,CT,0187.15,0.6979,4004,1233,1180,4004,102000,1175,3790,1180
9330187.16,CT,0187.16,0.9031,3808,1195,1142,3808,118000,1145,3705,1145
9330187.17,CT,0187.17,1.2423,2900,955,902,2900,104000,895,2780,900
9330187.18,CT,0187.18,1.3388,5260,1524,1428,5260,109000,1440,5375,1425
9330188.01,CT,0188.01,2.5149,3183,946,899,3183,122000,915,3155,900
9330188.02,CT,0188.02,1.0686,3320,1011,947,3320,112000,935,3240,945
9330188.04,CT,0188.04,3.8689,5443,1786,1656,5443,110000,1635,5185,1655
9330188.05,CT,0188.05,6.7039,3032,921,890,3032,125000,915,3165,890
9330188.06,CT,0188.06,3.6619,2103,732,663,2103,110000,635,1930,660
9330188.07,CT,0188.07,2.383,4282,1300,1247,4282,123000,1245,4260,1250
9330188.08,CT,0188.08,1.2754,3810,1202,1169,3810,118000,1170,3825,1170
9330189.03,CT,0189.03,1.465,3447,1118,1048,3447,110000,1085,3525,1045
9330189.06,CT,0189.06,2.4145,3307,1082,1018,3307,95000,1055,3345,1020
9330189.07,CT,0189.07,0.8238,3881,1426,1397,3881,91000,1400,3925,1395
9330189.08,CT,0189.08,0.6793,7346,2869,2812,7346,67500,2815,7325,2815
9330189.09,CT,0189.09,1.3294,4616,1528,1457,4616,103000,1455,4545,1460
9330189.10,CT,0189.10,1.3082,6701,2386,2318,6701,94000,2315,6695,2315
9330189.11,CT,0189.11,0.6696,5146,2359,2300,5146,65000,2270,5045,2300
9330189.12,CT,0189.12,0.6718,3836,1492,1459,3836,84000,1485,3915,1460
9330190.03,CT,0190.03,1.9322,8068,3181,2987,8068,80000,3005,8020,2990
9330190.04,CT,0190.04,3.0531,7590,2492,2324,7590,100000,2295,7480,2325
9330190.05,CT,0190.05,0.6074,1987,715,679,1987,77500,665,1870,680
9330190.06,CT,0190.06,0.821,4184,1636,1574,4184,73000,1550,3820,1575
9330190.07,CT,0190.07,0.6497,7336,3533,3370,7336,74500,3360,7090,3370
9330191.03,CT,0191.03,1.3193,5569,1695,1572,5569,97000,1570,5530,1575
9330191.04,CT,0191.04,1.3287,9821,5079,4761,9821,62800,4760,9785,4760
9330191.05,CT,0191.05,1.4081,4373,1403,1289,4373,93000,1335,4630,1285
9330191.06,CT,0191.06,0.5009,2917,1287,1206,2917,63600,1215,2810,1205
9330191.07,CT,0191.07,0.7254,4363,2232,2115,4363,62400,2105,4210,2115
9330192.00,CT,0192.00,9.87,4856,1647,1524,4856,85000,1480,4445,1525
9330200.01,CT,0200.01,0.9421,2839,1354,1253,2839,119000,1215,2725,1255
9330200.02,CT,0200.02,2.4034,8144,2524,2432,8144,117000,2465,8210,2430
9330201.00,CT,0201.00,0.7249,1761,644,614,1761,96000,605,1710,615
9330202.01,CT,0202.01,0.7875,4838,2770,2674,4838,88000,2720,4780,2675
9330202.02,CT,0202.02,0.5062,5984,3152,2872,5984,79500,2825,5995,2875
9330203.00,CT,0203.00,1.1241,4744,1757,1687,4744,108000,1700,4785,1685
9330204.01,CT,0204.01,0.4071,4768,2599,2510,4768,67000,2525,4785,2510
9330204.02,CT,0204.02,0.7031,5420,2762,2612,5420,66000,2600,5395,2615
9330205.01,CT,0205.01,0.5061,4450,2617,2494,4450,61600,2480,4330,2495
9330205.02,CT,0205.02,0.6206,5830,3172,3075,5830,62400,3090,5800,3075
9330206.00,CT,0206.00,0.3088,3759,2211,2127,3759,79000,2130,3680,2130
9330207.00,CT,0207.00,0.344,3275,1855,1779,3275,69500,1750,3155,1780
9330208.00,CT,0208.00,1.6774,6328,2831,2735,6328,89000,2760,6355,2735
9330209.01,CT,0209.01,0.9019,6055,2896,2835,6055,93000,2870,5815,2835
9330209.02,CT,0209.02,1.1958,3891,1474,1422,3891,117000,1385,3840,1425
9330210.00,CT,0210.00,2.4663,6830,3119,2978,6830,88000,2975,6695,2980
9330220.00,CT,0220.00,9.1048,1384,507,471,1384,104000,480,1365,475
9330221.01,CT,0221.01,1.2294,1854,661,633,1854,113000,610,1660,630
9330221.03,CT,0221.03,1.2986,3767,1373,1314,3767,102000,1330,3945,1310
9330221.04,CT,0221.04,1.3223,5691,1978,1891,5691,82000,1890,5370,1890
9330222.01,CT,0222.01,1.5517,7519,2956,2814,7519,90000,2815,7500,2815
9330222.02,CT,0222.02,1.3595,5796,2607,2528,5796,91000,2530,5725,2530
9330223.01,CT,0223.01,1.4792,8225,3222,3116,8225,91000,3115,8220,3115
9330223.02,CT,0223.02,0.7551,6095,2510,2401,6095,78500,2430,6215,2400
9330224.01,CT,0224.01,0.4657,6491,3271,3144,6491,60800,3140,6490,3145
9330224.02,CT,0224.02,0.6956,5051,2103,2019,5051,58400,1995,4520,2020
9330225.01,CT,0225.01,1.4699,5855,1993,1888,5855,102000,1885,5845,1885
9330225.02,CT,0225.02,1.3552,7333,3265,3147,7333,75500,3150,7225,3145
9330226.02,CT,0226.02,1.3501,3810,1489,1384,3810,86000,1350,3675,1385
9330226.03,CT,0226.03,0.7301,9709,5377,4996,9709,58400,5030,9765,4995
9330226.04,CT,0226.04,0.2875,3739,1915,1788,3739,60400,1755,3655,1790
9330227.01,CT,0227.01,0.2775,4697,2505,2311,4697,61200,2310,4700,2310
9330227.02,CT,0227.02,1.1189,5991,3429,3196,5991,61600,3195,5990,3195
9330228.02,CT,0228.02,0.9805,3768,1270,1206,3768,102000,1210,3785,1205
9330228.03,CT,0228.03,0.3275,4564,2527,2233,4564,70000,2230,4560,2235
9330228.04,CT,0228.04,0.7166,5387,2517,2388,5387,69000,2380,5240,2385
9330229.00,CT,0229.00,3.0473,7333,3020,2785,7333,89000,2785,7160,2785
9330230.01,CT,0230.01,4.2259,5334,1969,1917,5334,115000,1955,5435,1915
9330230.02,CT,0230.02,3.9929,5303,2061,1970,5303,77500,2000,5150,1970
9330231.00,CT,0231.00,2.0187,4455,1565,1494,4455,118000,1500,4440,1495
9330232.00,CT,0232.00,2.9013,3284,1108,1036,3284,109000,1030,3290,1035
9330233.00,CT,0233.00,1.5103,7998,2584,2408,7998,98000,2410,7430,2405
9330234.00,CT,0234.00,4.5569,7263,2473,2337,7263,106000,2340,7005,2340
9330235.02,CT,0235.02,1.4251,4907,1932,1872,4907,101000,1890,4865,1875
9330235.03,CT,0235.03,0.4296,4022,2292,2190,4022,60400,2170,4065,2190
9330235.04,CT,0235.04,1.0581,6513,3036,2941,6513,76500,2940,6515,2940
9330236.00,CT,0236.00,4.1399,3636,1241,1172,3636,130000,1150,3600,1175
9330237.00,CT,0237.00,2.5334,7721,3057,2948,7721,90000,2975,7690,2945
9330238.01,CT,0238.01,1.2289,3728,1455,1405,3728,98000,1375,3655,1405
9330238.02,CT,0238.02,2.323,6992,2571,2435,6992,96000,2435,6930,2435
9330239.01,CT,0239.01,1.5637,5791,2203,2073,5791,99000,2075,5740,2070
9330239.02,CT,0239.02,0.7934,9034,5258,4814,9034,77000,4815,9030,4810
9330240.01,CT,0240.01,2.2172,12063,6181,5902,12063,88000,5905,11980,5905
9330240.02,CT,0240.02,0.8865,5442,2205,2132,5442,88000,2130,5440,2130
9330241.00,CT,0241.00,1.9084,7732,3302,3141,7732,92000,3140,7500,3140
9330242.00,CT,0242.00,4.608,7525,3164,2984,7525,90000,2985,7525,2980
9330243.01,CT,0243.01,1.7013,6159,2429,2251,6159,94000,2250,6115,2250
9330243.02,CT,0243.02,13.6224,10164,4465,4061,10164,88000,4060,9700,4060
9330250.01,CT,0250.01,50.1235,4256,2036,1724,4256,111000,1725,4225,1720
9330250.02,CT,0250.02,830.631,4638,1846,1601,4638,150000,1545,4490,1600
9330251.01,CT,0251.01,0.5841,0,0,0,,,,,
9330251.02,CT,0251.02,5.6321,111,50,47,111,,40,105,50
9330260.04,CT,0260.04,1.1853,3635,1369,1274,3635,117000,1260,3560,1275
9330260.05,CT,0260.05,3.0807,4121,1585,1539,4121,115000,1555,4190,1540
9330260.06,CT,0260.06,2.5837,3968,1465,1405,3968,144000,1420,4050,1405
9330260.07,CT,0260.07,1.0561,4576,2043,1992,4576,98000,1980,4430,1995
9330260.08,CT,0260.08,3.4403,7356,2427,2368,7356,149000,2370,7360,2370
9330260.10,CT,0260.10,0.2962,3926,2030,1976,3926,103000,1975,3785,1975
9330260.11,CT,0260.11,10.8364,161,70,66,161,,80,215,65
9330260.12,CT,0260.12,3.4009,5792,2614,2489,5792,99000,2475,5870,2490
9330270.00,CT,0270.00,4.4812,5,6,6,5,,,,
9330280.01,CT,0280.01,0.031,55,26,24,55,,25,55,25
9330280.02,CT,0280.02,4.2521,3645,1170,1144,3645,123000,1140,3320,1145
9330281.01,CT,0281.01,2.2113,6077,2167,2068,6077,120000,2070,5985,2065
9330281.02,CT,0281.02,2.6147,6622,2573,2441,6622,96000,2445,6710,2440
9330282.01,CT,0282.01,1.4205,4722,1851,1769,4722,96000,1770,4535,1770
9330282.02,CT,0282.02,1.315,4493,1830,1770,4493,83000,1770,4495,1770
9330283.00,CT,0283.00,2.1985,7815,3569,3254,7815,73500,3255,7580,3250
9330284.01,CT,0284.01,2.1497,8835,4157,3946,8835,76000,3945,8815,3945
9330284.03,CT,0284.03,1.4463,4641,1840,1730,4641,88000,1735,4720,1730
9330284.04,CT,0284.04,0.6472,4346,2131,2031,4346,79500,2030,4255,2030
9330285.01,CT,0285.01,0.66,3444,1950,1869,3444,59200,1870,3310,1865
9330285.02,CT,0285.02,2.2025,5837,2015,1909,5837,119000,1910,5820,1910
9330286.01,CT,0286.01,4.1555,6002,2054,1961,6002,121000,1915,6005,1965
9330286.02,CT,0286.02,3.1138,7812,2715,2634,7812,115000,2635,7885,2635
9330286.03,CT,0286.03,2.7253,3919,1384,1327,3919,134000,1375,3915,1325
9330287.06,CT,0287.06,1.1798,4652,1789,1730,4652,75500,1740,4325,1730
9330287.09,CT,0287.09,0.6007,6779,3506,3370,6779,63600,3405,6880,3370
9330287.10,CT,0287.10,1.1999,2692,862,833,2692,129000,865,2830,835
9330287.11,CT,0287.11,1.8969,5131,1792,1754,5131,117000,1745,5190,1750
9330287.12,CT,0287.12,1.1102,3886,1424,1380,3886,101000,1345,3755,1380
9330287.13,CT,0287.13,2.2484,8352,3057,2919,8352,95000,2910,8300,2920
9330287.14,CT,0287.14,18.3776,4182,1442,1381,4182,113000,1395,4235,1380
9330287.15,CT,0287.15,1.4008,3963,1697,1660,3963,76500,1640,3925,1660
9330287.16,CT,0287.16,0.7995,4329,2232,2175,4329,67500,2160,4255,2175
9330287.17,CT,0287.17,0.5976,1637,557,512,1637,122000,535,1660,510
9330287.18,CT,0287.18,1.3141,8364,3297,3167,8364,88000,3140,8340,3170
9330287.19,CT,0287.19,0.6411,2317,700,671,2317,148000,690,2365,670
9330287.20,CT,0287.20,0.6075,1890,589,554,1890,143000,550,1770,555
9330287.21,CT,0287.21,1.8795,7424,2501,2370,7424,125000,2440,7645,2370
9330287.22,CT,0287.22,2.4249,1938,851,655,1938,107000,575,1775,655
9330287.23,CT,0287.23,50.2814,2874,975,959,2874,126000,955,2885,960
9330290.04,CT,0290.04,5.0804,7020,2518,2472,7020,132000,2475,7015,2475
9330290.05,CT,0290.05,1.6014,3457,1209,1159,3457,119000,1180,3455,1160
9330290.06,CT,0290.06,0.8096,0,1,0,0,,,,
9330290.07,CT,0290.07,2.502,6338,2252,2161,6338,116000,2140,6325,2160
9330290.08,CT,0290.08,1.2741,6793,3233,3076,6793,80000,3055,6350,3080
9330290.09,CT,0290.09,3.2652,3129,1613,1572,3129,69000,1590,2815,1570
9330291.01,CT,0291.01,2.2779,8211,3355,3241,8211,87000,3240,8180,3240
9330291.02,CT,0291.02,3.1231,8345,3021,2910,8345,103000,2910,8310,2910
9330292.01,CT,0292.01,2.1062,5430,1905,1844,5430,122000,1860,5495,1845
9330292.03,CT,0292.03,3.11,7043,2375,2312,7043,115000,2315,6785,2310
9330292.04,CT,0292.04,4.8237,5732,2190,2137,5732,112000,2120,5660,2140
9330400.04,CT,0400.04,12.4035,8999,2856,2783,8999,132000,2785,8995,2785
9330400.05,CT,0400.05,5.0998,8245,2858,2799,8245,119000,2810,8435,2795
9330400.06,CT,0400.06,1.4623,4897,1613,1559,4897,124000,1550,4700,1560
9330400.08,CT,0400.08,0.3862,5,3,3,5,,,,
9330400.09,CT,0400.09,37.2284,6592,2257,2133,6592,128000,2130,6595,2130
9330401.01,CT,0401.01,1.1135,2802,1222,1157,2802,79000,1195,2680,1160
9330401.03,CT,0401.03,1.2219,3498,1339,1271,3498,101000,1275,3660,1270
9330401.04,CT,0401.04,1.9234,5587,3112,2993,5587,57600,2975,5220,2995
9330402.02,CT,0402.02,2.955,5556,2190,2141,5556,98000,2140,5385,2140
9330402.03,CT,0402.03,1.2951,4976,2492,2420,4976,65000,2410,4865,2420
9330402.04,CT,0402.04,1.787,4213,1612,1558,4213,103000,1580,4205,1555
9330403.01,CT,0403.01,2.3493,5564,2056,1984,5564,99000,1945,5205,1985
9330403.04,CT,0403.04,4.995,4495,1669,1622,4495,115000,1610,4490,1620
9330403.05,CT,0403.05,1.8745,4945,1730,1681,4945,122000,1695,4935,1680
9330403.06,CT,0403.06,0.4241,244,84,68,244,,70,245,65
9330403.07,CT,0403.07,3.3777,5314,2024,1958,5314,106000,1965,5320,1955
9330404.01,CT,0404.01,35.5926,6820,2395,2316,6820,113000,2315,6710,2320
9330404.02,CT,0404.02,153.1371,8487,2829,2728,8487,142000,2725,8470,2725
9330410.02,CT,0410.02,22.5361,7473,3111,3030,7473,93000,3025,7315,3030
9330410.04,CT,0410.04,59.8798,1391,622,598,1391,87000,595,1390,595
9330410.05,CT,0410.05,1.6713,5166,2076,2032,5166,99000,2035,5155,2030
9330410.06,CT,0410.06,2.2539,5116,1819,1744,5116,135000,1750,5165,1745
9330500.01,CT,0500.01,0.2756,456,285,278,456,45600,280,435,280
9330500.02,CT,0500.02,72.1043,6331,2343,2212,6331,103000,2205,6425,2215
9330501.01,CT,0501.01,19.7272,4495,1671,1584,4495,93000,1575,3995,1585
9330501.02,CT,0501.02,19.0053,5973,2081,2011,5973,128000,2020,5985,2010
9330501.03,CT,0501.03,23.2496,4113,1316,1246,4113,121000,1260,3880,1245
9330502.01,CT,0502.01,1.4903,2406,912,872,2406,114000,895,2495,875
9330502.02,CT,0502.02,9.4552,3746,1603,1547,3746,79000,1525,3640,1545
9330502.03,CT,0502.03,2.6153,5008,1735,1686,5008,119000,1655,4945,1690
9330502.05,CT,0502.05,33.474,3177,1163,1111,3177,120000,1125,3130,1110
9330502.06,CT,0502.06,3.3852,3023,1005,970,3023,126000,985,3090,970
9330502.07,CT,0502.07,3.1545,6381,2621,2557,6381,96000,2555,6205,2555
9330503.01,CT,0503.01,1.0923,2472,860,836,2472,126000,860,2555,835
9330503.03,CT,0503.03,3.5994,7297,2565,2469,7297,117000,2470,7235,2465
9330503.06,CT,0503.06,0.5869,5317,2671,2603,5317,72000,2705,5435,2605
9330503.07,CT,0503.07,0.8453,5125,2727,2579,5125,46400,2560,4460,2580
9330503.08,CT,0503.08,2.473,5729,3005,2738,5729,77000,2615,5400,2740
9330503.09,CT,0503.09,1.5826,3023,1443,1373,3023,70000,1395,2945,1370
9330504.03,CT,0504.03,13.6928,6418,2217,2135,6418,129000,2140,6520,2135
9330504.07,CT,0504.07,0.8436,3183,1321,1307,3183,92000,1290,3090,1305
9330504.08,CT,0504.08,1.2326,4060,1544,1517,4060,109000,1535,4150,1520
9330504.09,CT,0504.09,3.5025,5809,1777,1710,5809,132000,1720,5720,1710
9330504.10,CT,0504.10,1.1348,4043,1604,1565,4043,95000,1570,4115,1565
9330504.12,CT,0504.12,3.9758,7396,2714,2552,7396,102000,2520,7265,2550
9330504.13,CT,0504.13,1.6693,4265,1651,1611,4265,104000,1600,4050,1610
9330504.14,CT,0504.14,0.3074,26,14,14,26,,,,
9330504.15,CT,0504.15,4.0341,1809,738,717,1809,100000,715,1715,720
9330504.16,CT,0504.16,2.2836,3697,1474,1420,3697,94000,1410,3410,1420
9330504.17,CT,0504.17,1.5751,4215,1444,1419,4215,125000,1430,4175,1420
9330504.18,CT,0504.18,2.3682,7753,3395,3060,7753,98000,3040,7705,3060
9330504.19,CT,0504.19,3.5768,4918,1566,1507,4918,121000,1550,5075,1510
9330504.20,CT,0504.20,5.66,8561,3194,3034,8561,116000,3045,8570,3030
9330505.01,CT,0505.01,5.1981,3530,1377,1323,3530,126000,1325,3430,1325
9330505.03,CT,0505.03,1.7796,96,42,42,96,,45,100,40
9330505.04,CT,0505.04,59.5245,6228,2081,1990,6228,133000,1990,6210,1990
9330506.01,CT,0506.01,3.0679,4255,1577,1510,4255,96000,1545,4260,1510
9330506.02,CT,0506.02,6.2186,7810,2887,2755,7810,95000,2720,7715,2755
9350001.00,CT,0001.00,1.1266,3189,1599,1491,3189,99000,1460,3045,1490
9350002.00,CT,0002.00,1.4516,4013,2379,2247,4013,71000,2235,3995,2245
9350003.01,CT,0003.01,1.0293,5987,3547,3397,5987,64500,3405,5645,3400
9350003.02,CT,0003.02,0.9146,6784,4423,4059,6784,61600,4060,6480,4060
9350004.00,CT,0004.00,0.8355,6503,4263,3997,6503,60400,3995,6110,3995
9350005.00,CT,0005.00,1.3651,4050,2009,1920,4050,84000,1970,4080,1920
9350006.00,CT,0006.00,0.9154,2685,1227,1177,2685,100000,1155,2480,1175
9350007.00,CT,0007.00,0.902,5994,3688,3526,5994,60000,3530,5920,3530
9350008.00,CT,0008.00,0.4968,3643,2231,2053,3643,59600,2045,3525,2055
9350009.00,CT,0009.00,0.8359,3877,1888,1788,3877,75500,1795,3855,1790
9350010.01,CT,0010.01,1.0633,5195,3968,3181,5195,65000,3075,4420,3180
9350010.02,CT,0010.02,0.5512,3450,2248,2131,3450,45600,2175,3605,2130
9350010.03,CT,0010.03,0.2408,3749,2911,2474,3749,64500,2530,3675,2475
9350011.01,CT,0011.01,0.9557,4371,2249,2157,4371,76500,2150,4330,2155
9350011.02,CT,0011.02,0.6579,3995,2607,2405,3995,81000,2415,4000,2405
9350012.00,CT,0012.00,1.6905,5879,2992,2865,5879,64000,2865,5075,2865
9350013.01,CT,0013.01,0.7745,4898,2563,2400,4898,56000,2400,4470,2400
9350013.02,CT,0013.02,1.3795,4045,1910,1807,4045,81000,1805,4000,1805
9350014.01,CT,0014.01,1.1211,4862,2164,2057,4862,89000,2035,4705,2055
9350014.02,CT,0014.02,1.1465,4698,2204,2090,4698,72500,2110,4480,2090
9350100.00,CT,0100.00,2.5072,3972,1724,1650,3972,131000,1665,4060,1650
9350101.00,CT,0101.00,1.0452,3223,1822,1717,3223,83000,1705,3115,1715
9350102.00,CT,0102.00,1.7207,5395,2477,2371,5395,84000,2370,5065,2370
9350103.00,CT,0103.00,2.3428,2427,976,942,2427,166000,960,2410,940
9350104.00,CT,0104.00,2.9039,2973,1169,1127,2973,135000,1115,2990,1130
9350110.00,CT,0110.00,2.7388,6310,3277,3088,6310,78500,3055,6110,3090
9350111.01,CT,0111.01,1.8349,4830,2590,2499,4830,69000,2535,4905,2495
9350111.02,CT,0111.02,2.5055,6393,3128,2978,6393,80000,2980,6275,2975
9350120.00,CT,0120.00,4.4182,4560,1954,1851,4560,119000,1855,4620,1850
9350121.01,CT,0121.01,2.323,6513,2456,2317,6513,88000,2330,6100,2315
9350121.02,CT,0121.02,2.4895,3781,1458,1399,3781,126000,1410,3685,1400
9350121.03,CT,0121.03,1.3865,3568,1329,1262,3568,105000,1250,3590,1260
9350121.04,CT,0121.04,1.3338,3994,1512,1440,3994,107000,1440,3905,1440
9350122.00,CT,0122.00,0.9936,3753,1761,1653,3753,69000,1640,3775,1650
9350123.01,CT,0123.01,0.9194,2800,1184,1139,2800,85000,1170,2865,1135
9350123.02,CT,0123.02,1.3767,3132,1530,1447,3132,82000,1395,2940,1450
9350124.00,CT,0124.00,2.2437,5388,2398,2297,5388,83000,2315,5250,2295
9350125.01,CT,0125.01,1.3118,5427,3038,2931,5427,63600,2915,5240,2930
9350125.02,CT,0125.02,1.7768,4585,2063,1989,4585,94000,2060,4790,1990
9350126.00,CT,0126.00,2.3763,8610,3943,3781,8610,75000,3765,8190,3780
9350127.00,CT,0127.00,2.6849,5024,2110,2033,5024,96000,2045,4945,2035
9350128.00,CT,0128.00,13.4073,4440,1627,1575,4440,112000,1580,4235,1575
9350129.01,CT,0129.01,3.0297,6142,2438,2377,6142,98000,2375,6100,2380
9350129.02,CT,0129.02,2.7966,6552,2456,2383,6552,99000,2385,6510,2385
9350130.01,CT,0130.01,1.5772,3312,1481,1403,3312,89000,1350,3215,1400
9350130.02,CT,0130.02,4.8032,7612,3264,3134,7612,94000,3130,7585,3135
9350131.00,CT,0131.00,3.8415,5447,2380,2255,5447,90000,2255,5435,2255
9350132.01,CT,0132.01,4.2351,3814,1618,1577,3814,112000,1600,3835,1575
9350132.03,CT,0132.03,4.7807,6561,2571,2493,6561,124000,2495,6320,2495
9350132.04,CT,0132.04,6.1997,4266,1825,1757,4266,115000,1735,4190,1760
9350133.00,CT,0133.00,33.2808,8454,3668,3555,8454,98000,3555,8185,3555
9350150.02,CT,0150.02,12.448,7706,3322,3140,7706,104000,3130,7325,3140
9350150.03,CT,0150.03,0.2165,120,41,39,120,,40,120,40
9350150.04,CT,0150.04,0.71,1839,991,936,1839,59200,940,1835,935
9350150.05,CT,0150.05,1.8846,3869,1853,1775,3869,88000,1785,3930,1775
9350151.02,CT,0151.02,6.4288,14026,6601,6318,14026,81000,6320,13825,6315
9350151.03,CT,0151.03,16.7441,12563,5321,5055,12563,102000,5055,12520,5055
9350151.04,CT,0151.04,3.2524,9133,3870,3682,9133,92000,3680,8985,3680
9350152.00,CT,0152.00,3.5311,6121,2511,2445,6121,88000,2445,5875,2445
9350153.00,CT,0153.00,5.2905,1733,697,669,1733,101000,670,1830,670
9350154.02,CT,0154.02,15.0725,10862,4176,3995,10862,110000,3995,10860,3995
9350154.03,CT,0154.03,3.7744,3173,1339,1277,3173,115000,1290,3180,1275
9350154.04,CT,0154.04,3.3295,5271,2084,2019,5271,106000,1995,5250,2020
9350154.05,CT,0154.05,1.735,2663,1057,1018,2663,111000,1030,2665,1020
9350155.01,CT,0155.01,38.0106,2482,927,906,2482,122000,1000,2665,905
9350155.03,CT,0155.03,2.6356,221,88,80,221,,80,220,80
9350155.04,CT,0155.04,69.5677,5067,1938,1856,5067,104000,1855,4710,1855
9350156.01,CT,0156.01,32.1134,2623,1296,1212,2623,73500,1225,2650,1215
9350156.04,CT,0156.04,221.4096,5132,2459,2202,5132,90000,2200,5120,2205
9350156.05,CT,0156.05,0.7472,230,97,91,230,,90,230,90
9350156.07,CT,0156.07,12.3356,6681,2814,2674,6681,90000,2615,6455,2670
9350156.08,CT,0156.08,12.1469,5782,2321,2243,5782,97000,2290,5875,2240
9350160.04,CT,0160.04,4.9154,5219,2222,2132,5219,110000,2115,5055,2130
9350160.05,CT,0160.05,4.9875,3084,1199,1149,3084,115000,1165,3230,1145
9350160.06,CT,0160.06,2.6038,1790,1008,943,1790,57600,945,1790,945
9350160.07,CT,0160.07,17.4598,5114,2506,2186,5114,91000,2165,4915,2185
9350160.08,CT,0160.08,2.0887,712,251,237,712,59600,235,710,240
9350160.09,CT,0160.09,13.842,3968,1694,1638,3968,103000,1660,3980,1640
9350170.00,CT,0170.00,2.7945,5834,3236,3042,5834,73500,3040,5735,3040
9350171.00,CT,0171.00,2.3107,6484,3085,2939,6484,80000,2940,6040,2940
9350180.03,CT,0180.03,2.8179,266,90,86,266,47600,85,270,85
9350180.04,CT,0180.04,17.5053,6076,2480,2387,6076,123000,2385,6065,2385
9350180.05,CT,0180.05,0.2894,109,48,40,109,,40,110,40
9350180.06,CT,0180.06,19.6551,6159,2755,2623,6159,119000,2625,6130,2620
9380001.02,CT,0001.02,23.0759,1900,707,683,1900,114000,695,1915,680
9380001.03,CT,0001.03,0.7052,245,88,86,245,,85,245,85
9380001.04,CT,0001.04,27.7533,3817,1568,1520,3817,99000,1520,3815,1520
9380002.00,CT,0002.00,3.788,7590,3214,3116,7590,85000,3120,7340,3120
9380003.00,CT,0003.00,3.7394,6372,2645,2538,6372,97000,2540,6360,2540
9380004.00,CT,0004.00,4.2939,3690,1544,1477,3690,104000,1455,3710,1475
9380005.00,CT,0005.00,7.6273,11218,5277,5090,11218,73500,5090,10830,5090
9380006.00,CT,0006.00,6.0495,7717,3187,3047,7717,87000,3045,7305,3045
9380007.00,CT,0007.00,11.5979,5239,2076,1995,5239,95000,1945,4905,1995
9380008.00,CT,0008.00,3.999,4986,2019,1948,4986,87000,1995,5045,1945
9380009.00,CT,0009.00,3.1888,5676,2521,2444,5676,79500,2445,5660,2445
9380010.00,CT,0010.00,2.9789,3706,1653,1605,3706,88000,1625,3675,1605
9380011.00,CT,0011.00,4.3247,6008,2903,2776,6008,66500,2780,5910,2780
9380012.00,CT,0012.00,4.7859,3600,1986,1920,3600,58400,1950,3485,1920
9380013.00,CT,0013.00,2.1067,5313,2485,2410,5313,58800,2410,4695,2410
9380014.00,CT,0014.00,4.5227,7176,3508,3221,7176,63200,3220,7175,3225
9380015.00,CT,0015.00,2.6242,5464,3299,3039,5464,51600,3010,5095,3040
9380016.00,CT,0016.00,5.1928,8813,3674,3527,8813,75000,3525,8685,3530
9380017.01,CT,0017.01,0.2019,386,128,119,386,70000,120,385,120
9380017.02,CT,0017.02,19.6293,7295,3147,3011,7295,78000,3015,7160,3010
9380019.01,CT,0019.01,2.2927,323,109,96,323,64500,95,320,95
9380019.02,CT,0019.02,60.1814,7481,3249,3127,7481,86000,3125,7395,3125
9380020.00,CT,0020.00,1074.6179,1444,581,553,1444,87000,545,1315,555
9700001.00,CT,0001.00,11.7045,225,173,141,225,,155,240,145
9700002.00,CT,0002.00,4.1931,5706,2174,2124,5706,115000,2125,5685,2125
9700003.00,CT,0003.00,37.6443,8223,3232,3091,8223,116000,3100,8185,3095
9700004.00,CT,0004.00,71.4819,3593,1391,1291,3593,122000,1350,3690,1295
9700005.00,CT,0005.00,3.1656,6770,2945,2782,6770,86000,2780,6645,2780
9700006.00,CT,0006.00,4.0809,2127,1039,955,2127,78500,935,2130,955
9700007.00,CT,0007.00,38.9822,1621,634,606,1621,91000,610,1455,610
9700008.00,CT,0008.00,1.9413,4306,2164,1922,4306,62800,1895,4140,1920
9700009.00,CT,0009.00,2.4676,242,162,155,242,,155,225,155
9700010.00,CT,0010.00,0.6665,1235,562,538,1235,74000,535,1215,535
9700011.00,CT,0011.00,1.5693,3090,1797,1614,3090,52000,1630,2985,1615
9700012.00,CT,0012.00,0.7706,245,126,90,245,,55,65,90
9700013.00,CT,0013.00,0.9724,2042,1176,1072,2042,57200,1095,1910,1075
9700014.00,CT,0014.00,1.7459,4312,2217,2052,4312,72000,2000,4165,2050
9700015.00,CT,0015.00,1.9064,4407,2034,1925,4407,71000,1900,4190,1925
9700016.00,CT,0016.00,4.2366,6396,2626,2535,6396,100000,2535,6160,2535
9700017.00,CT,0017.00,2.0608,4985,2136,2035,4985,84000,2055,4990,2035
9700018.00,CT,0018.00,22.7327,203,82,81,203,,70,175,80
9700019.00,CT,0019.00,13.5226,2031,916,881,2031,94000,905,2025,885
9700020.00,CT,0020.00,12.9369,5293,2040,1990,5293,117000,1990,5295,1990
9700021.00,CT,0021.00,8.1692,2907,1187,1158,2907,116000,1160,2905,1155
9700022.00,CT,0022.00,30.7151,2762,1103,1083,2762,107000,1095,2795,1080
9700023.00,CT,0023.00,39.0743,3987,1727,1672,3987,89000,1660,3880,1675
9700100.00,CT,0100.00,12487.289,1249,634,546,1249,79500,550,1250,545
9700101.00,CT,0101.00,667.6134,4375,1802,1723,4375,109000,1725,4370,1725
9700102.00,CT,0102.00,2802.3279,3603,1586,1356,3603,122000,1355,3600,1360
9700103.01,CT,0103.01,5.234,84,36,36,84,,35,85,35
9700103.02,CT,0103.02,1371.7853,3471,1506,1345,3471,112000,1345,3455,1345
